Date,Time,t1,t2
2026-01-07,14:52:27,29.25,29.12
2026-01-07,14:53:00,29.31,29.06
2026-01-07,14:54:00,29.31,29.75
2026-01-07,14:55:00,30.06,33.31
2026-01-07,14:56:00,31.31,35.75
2026-01-07,14:57:00,32.62,37.50
2026-01-07,14:58:00,33.81,39.12
2026-01-07,14:59:00,34.88,40.19
2026-01-07,15:00:00,35.62,40.88
2026-01-07,15:01:00,36.12,40.88
2026-01-07,15:02:00,36.50,41.25
2026-01-07,15:03:00,36.12,42.00
2026-01-07,15:04:00,36.50,42.06
2026-01-07,15:05:00,36.81,41.69
2026-01-07,15:06:00,37.06,41.31
2026-01-07,15:07:00,37.38,41.12
2026-01-07,15:08:00,37.81,41.06
2026-01-07,15:09:00,37.94,41.19
2026-01-07,15:10:00,38.19,41.31
2026-01-07,15:11:00,38.50,41.56
2026-01-07,15:12:00,38.56,41.69
2026-01-07,15:13:00,38.44,41.44
2026-01-07,15:14:00,37.88,42.31
2026-01-07,15:15:00,37.06,43.00
2026-01-07,15:16:00,36.44,43.31
2026-01-07,15:17:00,36.38,42.19
2026-01-07,15:18:00,36.88,41.62
2026-01-07,15:19:00,37.31,41.31
2026-01-07,15:20:00,37.69,41.19
2026-01-07,15:21:00,37.94,41.00
2026-01-07,15:22:00,37.94,40.62
2026-01-07,15:23:00,38.19,40.75
2026-01-07,15:24:00,38.38,40.75
2026-01-07,15:25:00,38.56,40.94
2026-01-07,15:26:00,38.44,41.06
2026-01-07,15:27:00,38.38,41.75
2026-01-07,15:28:00,38.12,41.75
2026-01-07,15:29:00,38.06,41.44
2026-01-07,15:30:00,38.12,41.19
